"Page","Impressions","Clicks","CTR","Avg. Position"
"https://teslamagneticgenerator.com/how-to-build-a-perpetual-motion-generator/","1769","89","5.03%","5.963256755228943"
"https://teslamagneticgenerator.com/free-energy-magnet-motor/","652","30","4.6000000000000005%","8.581289877300614"
"https://teslamagneticgenerator.com/","372","19","5.11%","7.956989516129033"
"https://teslamagneticgenerator.com/build-a-perpetual-motion-generator.html","305","22","7.21%","4.996721639344263"
"https://teslamagneticgenerator.com/perpetual-motion-machines/","201","7","3.48%","9.930346766169155"
"https://teslamagneticgenerator.com/the-magnetic-dynamo-generator-explained/#:~:text=Understanding the Basics. At its core, the magnetic dynamo","129","5","3.88%","8.271317829457365"
"https://teslamagneticgenerator.com/energize-your-home-with-a-diy-magnetic-generator/","111","9","8.11%","6.603600000000001"
"https://teslamagneticgenerator.com/build-a-perpetual-motion-generator","109","11","10.09%","5.165137614678899"
"https://teslamagneticgenerator.com/homemade-magnetic-generator/","100","4","4%","7.8"
"https://teslamagneticgenerator.com/how-to-build-a-magnetic-generator/","85","2","2.35%","7.058825882352941"
"https://teslamagneticgenerator.com/generate-electricity-using-magnets/","78","1","1.28%","12.858976923076922"
"https://teslamagneticgenerator.com/the-free-energy-magnet-motor/","33","1","3.0300000000000002%","7.212121212121212"
"https://teslamagneticgenerator.com/index.html","28","0","0%","5.5"
"https://teslamagneticgenerator.com/solar-power/#:~:text=Solar power and magnetic generators are both alternative","27","1","3.7%","5.37037037037037"
"https://teslamagneticgenerator.com/whole-house","26","3","11.540000000000001%","5.615388461538462"
"https://teslamagneticgenerator.com/tesla-generator-scam/","25","2","8%","9"
"https://teslamagneticgenerator.com/magnet-motor","24","0","0%","5.708333333333333"
"https://teslamagneticgenerator.com/renewable-energy-using-magnets-a-magnetic-revolution/","24","0","0%","6.666666666666667"
"https://teslamagneticgenerator.com/magnetic-generator-scam","17","2","11.76%","4.235288235294117"
"https://teslamagneticgenerator.com/perpetual-motion-generator","14","1","7.140000000000001%","6.857142857142857"
"https://teslamagneticgenerator.com/build-a-magnetic-generator","7","0","0%","3.4285714285714284"
"https://teslamagneticgenerator.com/you-will-never-see-a-magnetic-generator-for-sale/","7","0","0%","5.571428571428571"
"https://teslamagneticgenerator.com/perpetual-motion-generator.html","6","0","0%","7.166666666666667"
"https://teslamagneticgenerator.com/solar","5","0","0%","4.2"
"https://teslamagneticgenerator.com/is-magnetic-energy-renewable-or-nonrenewable/","4","0","0%","3.25"
"https://teslamagneticgenerator.com/interesting-facts-about-magnets/","3","0","0%","6.333333333333333"
"https://teslamagneticgenerator.com/can-we-use-magnets-to-generate-electricity-a-magnetic-marvel/","3","1","33.33%","8.666666666666666"
"https://teslamagneticgenerator.com/magnetic-dynamo-generator.html","2","0","0%","7"
"https://teslamagneticgenerator.com/diy-magnetic-generator.html","2","0","0%","6"
"https://teslamagneticgenerator.com/nikola-tesla-inventor-extraordinaire/","2","0","0%","5"
"https://teslamagneticgenerator.com/unleashing-the-power-of-free-energy.html","1","0","0%","5"
"https://teslamagneticgenerator.com/how-much-noise/#:~:text=The sound produced by a Tesla magnetic generator is often","1","0","0%","6"
"https://teslamagneticgenerator.com/7-interesting-facts-about-magnets","1","0","0%","294"
"https://teslamagneticgenerator.com/unleashing-the-power-of-free-energy/","1","0","0%","4"
