"Keyword","Impressions","Clicks","CTR","Avg. Position"
"diy perpetual motion generator","40","4","10%","4.6"
"tesla magnetic generator","32","1","3.12%","3.499996875"
"perpetual motion generator","25","0","0%","5.72"
"www.perpetual motion genrator","19","3","15.790000000000001%","3.1578947368421053"
"tesla perpetual motion generator","17","0","0%","5.705888235294118"
"perpetual motion machine generator","12","0","0%","6.083333333333333"
"tesla magnet generator","10","0","0%","3.19999"
"how to build a perpetual motion generator","8","1","12.5%","3.125"
"how to build a tesla magnet energy generator","7","0","0%","2.857142857142857"
"perpetual generator","7","0","0%","8.142857142857142"
"tesla magnetic generator plans","6","0","0%","6"
"nikola tesla perpetual motion machine","4","0","0%","8"
"plans to build  a tesla magnetic toy","4","0","0%","2"
"magnet generator tesla designs","4","0","0%","4"
"how to make a tesla magnetic generator","4","0","0%","3.5"
"tesla magnetic generator reviews reddit","4","1","25%","3.5"
"perpetual motion generator plans","4","0","0%","3.75"
"teslas magnetic generator","4","0","0%","4.5"
"nicola tesla, permanent magnet generator","3","0","0%","2"
"how to build a perpetual generator","3","0","0%","5.333333333333333"
"how to build a perpetual motion magnetic electricity generator","3","0","0%","3.6666666666666665"
"magnetic  can power your house","3","0","0%","8"
"magnet generator scam","3","0","0%","4"
"teslas magnet generator","3","0","0%","4.333333333333333"
"www.perpetualmotiongenerator","3","0","0%","3.6667"
"magnet generator scams","3","1","33.33%","3.6666666666666665"
"perpetual motion tesla","3","0","0%","8"
"free tesla generator","3","0","0%","5.666666666666667"
"perpetual motion machine diy instructions","3","1","33.33%","3"
"tesla magnetic power generator","2","1","50%","4"
"perpetual motion generator blueprints","2","0","0%","6"
"dairy plant new plant turkiye","2","0","0%","2.5"
"magnetic perpetual motion diy","2","1","50%","2"
"making a perpetual generator","2","0","0%","2.5"
"how to make a perpetual generator","2","1","50%","4.5"
"are magnetic induced generators a scam","2","1","50%","4"
"tesla magnetic perpetual motor","2","1","50%","4.5"
"diy perpetual motion","2","0","0%","3"
"nikola tesla magnet free power","2","0","0%","8"
"perpetual motion machine easy diy","2","0","0%","5.5"
"will how to build a real maton","2","0","0%","7"
"how to build a perpetual magnet motor","2","0","0%","4"
"how to build perpetual motion generator","2","1","50%","4"
"build a electromagnetic power generator using tesla's","2","0","0%","3.5"
"easy to build perpetual machine","2","0","0%","4"
"arts to build a perpetual motion generator","2","0","0%","3.5"
"perpetual motion diy","2","0","0%","4.5"
"battery magnet propetual motion diy","2","0","0%","5.5"
"tesla permanent-magnet generator","2","0","0%","18"
"tesla magnetic generator to power home","2","0","0%","2.5"
"how to build tesla's magnet","2","0","0%","4"
"tessla mangentic generator","2","0","0%","2.5"
"tesla perpetual motion machine","2","0","0%","7"
"telsla's magnet generator","2","0","0%","2.5"
"110v small generator perpetual motion","2","0","0%","2.5"
"www.perpetual motion genrator geomagnet","2","0","0%","4"
"perpetual movement machine diy","2","0","0%","1"
"perpetual motion power generator","2","0","0%","8.5"
"plans to make a tesla toy magnetic field generator","2","0","0%","4.5"
"whole home magnet generator","1","0","0%","9"
"off grid magnetic generators to power an entire home","1","0","0%","6"
"diy perpetual energy generator","1","0","0%","6"
"facts about magnets","1","0","0%","294"
"magnetic generator big enough to run a house","1","0","0%","6"
"75 amppropetual motion generator=","1","0","0%","4"
"build your own tesla generator","1","0","0%","10"
"teslas magnet generator download","1","1","100%","4"
"how to make magnetic perpetual energy","1","0","0%","5"
"magnet generator scams and frauds complaints","1","0","0%","3"
"tesla magnetic field generator","1","0","0%","9"
"home made perpetual motion electrical type generators diy","1","1","100%","4"
"all energy sources spin magnets meanwhile solar energy","1","0","0%","6"
"magnetic generator to power your home","1","0","0%","9"
"perpetual motor generator","1","0","0%","8"
"magnetic free energy generator china real or scam","1","0","0%","7"
"magnetic generator for home","1","0","0%","28"
"magnetic generator tesla","1","0","0%","7"
"the easiest perputual motion machine to build at home","1","0","0%","10"
"magnet generators to power whole house","1","0","0%","5"
"spring perpetual motion generator blueprints","1","0","0%","4"
"plans of tesla's magnetic power generator","1","0","0%","4"
"how to buil;d tesla magnets that generate electricity","1","0","0%","2"
"why do people not use magnetic generator to power their homes rather than solar power","1","0","0%","2"
"tesla magnetic frequency generator","1","0","0%","4"
"nikolai tesla magnet perpetual motion","1","0","0%","5"
"building a perpetual motion generator","1","0","0%","4"
"www.perpetual motion genrator cme","1","0","0%","1"
"plans to build a tesla magnetic field model","1","0","0%","9"
"ebay tesla magnet generator","1","0","0%","6"
"nikoli tesla home power magnetic generator","1","0","0%","6"
"nikola tesla home power magnetic generator","1","1","100%","3"
"is it possible to make a perputal motion generator","1","0","0%","3"
"telsa's blueprint for a magnetic generator","1","0","0%","7"
"diy perpetual motion magnetic wheel","1","0","0%","5"
"complete permanent magnet set up for whole house power","1","1","100%","4"
"how to make a perpetual energy generator","1","1","100%","5"
"perpetual motion generator using magnets garage","1","0","0%","8"
"how to make your own perpetual generator at home","1","0","0%","2"
"house magnet tesla","1","0","0%","7"
"block diagram whole house off grid magnetic generators for sale","1","0","0%","1"
"magnet generator free energy","1","0","0%","6"
"how to make a generator with perpetual motion","1","0","0%","4"
"tesla generator","1","0","0%","10"
"earth nagnet motor to conttol the whole house","1","0","0%","6"
"tesla perpetual machine","1","0","0%","7"
"how big of magnets would you have to have to build a full full house generator","1","0","0%","9"
"unlimited energy tesla magnet","1","0","0%","5"
"how to make simole perpetuial moition matcion","1","0","0%","5"
"how to build a perpetual motor that makes power","1","0","0%","7"
"building tesla's magnet energy","1","0","0%","9"
"diy perpetual motion mation","1","1","100%","6"
"magnet motor free energy","1","0","0%","213"
"how to make a perpetual motor foe electricity","1","0","0%","8"
"tesla permanet magnet generator","1","1","100%","3"
"teslas magnet generator download free pc","1","0","0%","1"
"free electricity motor tesla","1","0","0%","1"
"homemade perpetual motion machine","1","0","0%","7"
"how to build aperpetual motion engine step by step","1","0","0%","5"
"perpetual mation generator to power 10 150 watt light bulb","1","0","0%","6"
"how to make tesla idea make electricity with magnet","1","0","0%","6"
"thompson diy perpetual motion machine","1","0","0%","5"
"how to craft tesla magnet","1","0","0%","10"
"perpetual motion electricity generator","1","0","0%","10"
"nichola telsa magnetic generator","1","0","0%","3"
"perpetual motion generator for home","1","0","0%","6"
"solar compoass vs magnetic","1","0","0%","6"
"5 tesla magnetic field generator","1","0","0%","9"
"perpetual motion machine using magnets","1","0","0%","18"
"magnetic generator for whole house main power source","1","0","0%","5"
"perpetual electric generator","1","0","0%","5"
"www.perpetual motion generator spring","1","0","0%","8"
"pros and cons for solar energy creation vs ceramic magnetic systems","1","0","0%","4"
"perepetriatial motion generator","1","0","0%","5"
"how to make a self sustaining perpetual motion generator","1","0","0%","5"
"perpetual motion generato","1","0","0%","4"
"how to build a infinite perpetual magnet generator","1","0","0%","9"
"diy perpetual motion machine","1","0","0%","7"
"propetrial motion generaters","1","0","0%","5"
"tesla magnetic coils in czech republic for free","1","0","0%","8"
"block diagram whole house off grid magnetic generator systems and safety for sale","1","0","0%","7"
"how to build a tesla magnetic generator","1","0","0%","3"
"how to build a perpetual motion generator plans","1","0","0%","1"
"tesla home generators/magnetic","1","0","0%","6"
"magnet generator scams and frauds","1","0","0%","3"
"block diagram whole house off grid magnetic generators","1","0","0%","3"
"perpetual motion geerator magnet","1","0","0%","9"
"tesla magnetic motion machine","1","0","0%","6"
"did tesla make a perpetual motion machine","1","0","0%","10"
"perpetual motion vermeter generator","1","0","0%","4"
"wholesaler kvm extender 120m","1","0","0%","5"
"how to make tesla energy generator with magnets","1","0","0%","3"
"home made perperation motion mashine","1","0","0%","7"
"are magnetic generators a scam","1","0","0%","3"
"nikola telsa magnet free power","1","0","0%","6"
"how to build a perpetual motion machine "coils"","1","0","0%","6"
"how to build a perpetual motion machine from scratch","1","0","0%","6"
"is it possible to build a perpetual motion generator","1","0","0%","1"
"how to get perpetual motion","1","0","0%","7"
"teslapowerinvention.com/workshop-energy-planner/for power motors","1","0","0%","7"
"tesla magnetic generator for sale","1","0","0%","9"
"usa generator runs without fuel ignition electromagnetic generator scam","1","0","0%","6"
"how to create perpeptual motion to run a generator","1","0","0%","5"
"what distinguishes solar- powered system  from  magnetic properties","1","0","0%","3"
"perpetual motion simulator diy","1","1","100%","9"
"ohio perpetual motion generator","1","0","0%","8"
"tesla self propelled magnetic generator","1","0","0%","2"
"perpetual motion power generator diy","1","0","0%","3"
"how to make tesla magnet","1","0","0%","6"
"nikolai tesla magnet perpetual motion model kit","1","0","0%","9"
"easiest way to build a perpetual motion generator","1","0","0%","3"
"permanent tesla generator","1","0","0%","2"
"www.geomagneticallyperpetualgenerator","1","0","0%","6"
"perpetual genrator","1","0","0%","10"
"using tesla motor as a generator","1","0","0%","19"
"diy perpetual motion magnet generator","1","0","0%","7"
"nikola tesla's magnetic generator","1","0","0%","5"
"tesla permanent magnet generator","1","0","0%","3"
"testla generator blueprint","1","1","100%","7"
"diy perpetual motion machines","1","0","0%","2"
"how to build aperpetual motion engine","1","0","0%","7"
"magnetic generator for whole house","1","0","0%","4"
"nikola tesla free energy generator plans for home","1","0","0%","6"
"build your own testa perpetual generator","1","0","0%","9"
"can you make a perpetual energy generator","1","0","0%","9"
"magnet generator rv free energy scam","1","0","0%","7"
"how can one build a perpetual motion machine","1","0","0%","8"
"diy magnetic generator to power a house","1","0","0%","9"
"how to build a tesla magnetic generator free plans","1","0","0%","5"
