Keyword,Impressions,Clicks,CTR,Avg_Position
tesla magnetic generator,20,1,5.00%,3.05
diy perpetual motion generator,19,1,5.26%,4.89
tesla perpetual motion generator,16,0,0.00%,5.75
tesla magnet generator,7,0,0.00%,3.43
tesla magnetic generator plans,6,0,0.00%,6.0
how to build a tesla magnet energy generator,6,0,0.00%,2.67
perpetual motion machine generator,6,0,0.00%,6.0
plans to build a tesla magnetic toy,4,0,0.00%,2.0
magnet generator tesla designs,4,0,0.00%,4.0
how to make a tesla magnetic generator,4,0,0.00%,3.5
tesla magnetic generator reviews reddit,4,1,25.00%,3.5
how to build a perpetual motion generator,4,1,25.00%,2.25
teslas magnetic generator,4,0,0.00%,4.5
perpetual motion generator,3,0,0.00%,7.0
how to build a perpetual generator,3,0,0.00%,5.33
magnetic can power your house,3,0,0.00%,8.0
magnet generator scam,3,0,0.00%,4.0
magnet generator scams,3,1,33.33%,3.67
tesla magnetic power generator,2,1,50.00%,4.0
perpetual motion generator blueprints,2,0,0.00%,6.0
dairy plant new plant turkiye,2,0,0.00%,2.5
making a perpetual generator,2,0,0.00%,2.5
are magnetic induced generators a scam,2,1,50.00%,4.0
nikola tesla perpetual motion machine,2,0,0.00%,7.5
tesla magnetic perpetual motor,2,1,50.00%,4.5
diy perpetual motion,2,0,0.00%,3.0
nikola tesla magnet free power,2,0,0.00%,8.0
perpetual motion machine easy diy,2,0,0.00%,5.5
how to build perpetual motion generator,2,1,50.00%,4.0
build a electromagnetic power generator using tesla's,2,0,0.00%,3.5
arts to build a perpetual motion generator,2,0,0.00%,3.5
perpetual motion diy,2,0,0.00%,4.5
how to build a perpetual motion magnetic electricity generator,2,0,0.00%,4.0
battery magnet propetual motion diy,2,0,0.00%,5.5
tesla permanent-magnet generator,2,0,0.00%,18.0
tesla magnetic generator to power home,2,0,0.00%,2.5
perpetual motion generator plans,2,0,0.00%,3.5
how to build tesla's magnet,2,0,0.00%,4.0
tessla mangentic generator,2,0,0.00%,2.5
telsla's magnet generator,2,0,0.00%,2.5
teslas magnet generator,2,0,0.00%,3.0
free tesla generator,2,0,0.00%,5.0
plans to make a tesla toy magnetic field generator,2,0,0.00%,4.5
whole home magnet generator,1,0,0.00%,9.0
off grid magnetic generators to power an entire home,1,0,0.00%,6.0
facts about magnets,1,0,0.00%,294.0
magnetic generator big enough to run a house,1,0,0.00%,6.0
build your own tesla generator,1,0,0.00%,10.0
teslas magnet generator download,1,1,100.00%,4.0
how to make magnetic perpetual energy,1,0,0.00%,5.0
magnet generator scams and frauds complaints,1,0,0.00%,3.0
how to make a perpetual generator,1,1,100.00%,5.0
tesla magnetic field generator,1,0,0.00%,9.0
home made perpetual motion electrical type generators diy,1,1,100.00%,4.0
all energy sources spin magnets meanwhile solar energy,1,0,0.00%,6.0
magnetic generator to power your home,1,0,0.00%,9.0
magnetic free energy generator china real or scam,1,0,0.00%,7.0
magnetic generator for home,1,0,0.00%,28.0
the easiest perputual motion machine to build at home,1,0,0.00%,10.0
magnet generators to power whole house,1,0,0.00%,5.0
plans of tesla's magnetic power generator,1,0,0.00%,4.0
how to buil;d tesla magnets that generate electricity,1,0,0.00%,2.0
why do people not use magnetic generator to power their homes rather than solar power,1,0,0.00%,2.0
tesla magnetic frequency generator,1,0,0.00%,4.0
plans to build a tesla magnetic field model,1,0,0.00%,9.0
nikoli tesla home power magnetic generator,1,0,0.00%,6.0
nikola tesla home power magnetic generator,1,1,100.00%,3.0
telsa's blueprint for a magnetic generator,1,0,0.00%,7.0
diy perpetual motion magnetic wheel,1,0,0.00%,5.0
complete permanent magnet set up for whole house power,1,1,100.00%,4.0
how to make a perpetual energy generator,1,1,100.00%,5.0
perpetual motion generator using magnets garage,1,0,0.00%,8.0
house magnet tesla,1,0,0.00%,7.0
magnet generator free energy,1,0,0.00%,6.0
how to make a generator with perpetual motion,1,0,0.00%,4.0
earth nagnet motor to conttol the whole house,1,0,0.00%,6.0
how big of magnets would you have to have to build a full full house generator,1,0,0.00%,9.0
unlimited energy tesla magnet,1,0,0.00%,5.0
how to make simole perpetuial moition matcion,1,0,0.00%,5.0
building tesla's magnet energy,1,0,0.00%,9.0
diy perpetual motion mation,1,1,100.00%,6.0
how to make a perpetual motor foe electricity,1,0,0.00%,8.0
tesla permanet magnet generator,1,1,100.00%,3.0
teslas magnet generator download free pc,1,0,0.00%,1.0
free electricity motor tesla,1,0,0.00%,1.0
homemade perpetual motion machine,1,0,0.00%,7.0
how to build aperpetual motion engine step by step,1,0,0.00%,5.0
how to make tesla idea make electricity with magnet,1,0,0.00%,6.0
thompson diy perpetual motion machine,1,0,0.00%,5.0
how to craft tesla magnet,1,0,0.00%,10.0
perpetual motion electricity generator,1,0,0.00%,10.0
solar compoass vs magnetic,1,0,0.00%,6.0
5 tesla magnetic field generator,1,0,0.00%,9.0
perpetual motion machine using magnets,1,0,0.00%,18.0
magnetic generator for whole house main power source,1,0,0.00%,5.0
pros and cons for solar energy creation vs ceramic magnetic systems,1,0,0.00%,4.0
how to make a self sustaining perpetual motion generator,1,0,0.00%,5.0
perpetual motion generato,1,0,0.00%,4.0
diy perpetual motion machine,1,0,0.00%,7.0
tesla magnetic coils in czech republic for free,1,0,0.00%,8.0
magnet generator scams and frauds,1,0,0.00%,3.0
did tesla make a perpetual motion machine,1,0,0.00%,10.0
wholesaler kvm extender 120m,1,0,0.00%,5.0
how to make tesla energy generator with magnets,1,0,0.00%,3.0
home made perperation motion mashine,1,0,0.00%,7.0
are magnetic generators a scam,1,0,0.00%,3.0
nikola telsa magnet free power,1,0,0.00%,6.0
how to build a perpetual motion machine \ ,1,0,0.00%,6.0
how to build a perpetual motion machine from scratch,1,0,0.00%,6.0
is it possible to build a perpetual motion generator,1,0,0.00%,1.0
how to get perpetual motion,1,0,0.00%,7.0
teslapowerinvention.com/workshop-energy-planner/for power motors,1,0,0.00%,7.0
tesla magnetic generator for sale,1,0,0.00%,9.0
usa generator runs without fuel ignition electromagnetic generator scam,1,0,0.00%,6.0
how to create perpeptual motion to run a generator,1,0,0.00%,5.0
what distinguishes solar- powered system from magnetic properties,1,0,0.00%,3.0
perpetual motion simulator diy,1,1,100.00%,9.0
tesla self propelled magnetic generator,1,0,0.00%,2.0
perpetual motion power generator diy,1,0,0.00%,3.0
how to make tesla magnet,1,0,0.00%,6.0
permanent tesla generator,1,0,0.00%,2.0
using tesla motor as a generator,1,0,0.00%,19.0
diy perpetual motion magnet generator,1,0,0.00%,7.0
nikola tesla's magnetic generator,1,0,0.00%,5.0
tesla permanent magnet generator,1,0,0.00%,3.0
testla generator blueprint,1,1,100.00%,7.0
how to build aperpetual motion engine,1,0,0.00%,7.0
magnetic generator for whole house,1,0,0.00%,4.0
nikola tesla free energy generator plans for home,1,0,0.00%,6.0
can you make a perpetual energy generator,1,0,0.00%,9.0
magnet generator rv free energy scam,1,0,0.00%,7.0
how can one build a perpetual motion machine,1,0,0.00%,8.0
diy magnetic generator to power a house,1,0,0.00%,9.0
