URL,Impressions,Clicks,CTR,Avg_Position
https://teslamagneticgenerator.com/,89,5,5.62%,5.17
https://teslamagneticgenerator.com/build-a-perpetual-motion-generator,86,8,9.30%,5.22
https://teslamagneticgenerator.com/whole-house,23,3,13.04%,5.87
https://teslamagneticgenerator.com/magnet-motor,21,0,0.00%,5.24
https://teslamagneticgenerator.com/magnetic-generator-scam,17,2,11.76%,4.24
https://teslamagneticgenerator.com/perpetual-motion-generator,10,1,10.00%,6.2
https://teslamagneticgenerator.com/build-a-magnetic-generator,7,0,0.00%,3.43
https://teslamagneticgenerator.com/solar,5,0,0.00%,4.2
https://teslamagneticgenerator.com/7-interesting-facts-about-magnets,1,0,0.00%,294.0
